{
  "accuracy": [
    0.7299228310585022,
    0.7581636905670166,
    0.7828563451766968,
    0.785433828830719,
    0.7892465591430664,
    0.7935751080513,
    0.79497230052948,
    0.7971617579460144,
    0.799775242805481,
    0.8009037971496582,
    0.8054083585739136,
    0.8064321279525757,
    0.8095595836639404,
    0.8107312321662903,
    0.8105596303939819,
    0.8111842274665833,
    0.811381459236145,
    0.8138916492462158,
    0.8141425251960754,
    0.8149610161781311,
    0.8167043328285217,
    0.8173861503601074,
    0.8187617063522339,
    0.8201442956924438,
    0.8204967379570007
  ],
  "loss": [
    0.213790163397789,
    0.16615091264247894,
    0.14847823977470398,
    0.13861146569252014,
    0.13140906393527985,
    0.1260334849357605,
    0.12231354415416718,
    0.1187388151884079,
    0.11618825048208237,
    0.11339810490608215,
    0.11152756959199905,
    0.10925238579511642,
    0.10738024860620499,
    0.10589218139648438,
    0.10375278443098068,
    0.10236822813749313,
    0.10129580646753311,
    0.09970325231552124,
    0.0990787073969841,
    0.09854580461978912,
    0.09019500762224197,
    0.08540212363004684,
    0.08260412514209747,
    0.07827387750148773,
    0.07512528449296951
  ],
  "val_accuracy": [
    0.7187711596488953,
    0.7701529264450073,
    0.7724072337150574,
    0.7633816599845886,
    0.7782520651817322,
    0.7693012356758118,
    0.7723417282104492,
    0.7776007056236267,
    0.7607815265655518,
    0.7799839973449707,
    0.7917015552520752,
    0.8032448887825012,
    0.8163067102432251,
    0.7989017367362976,
    0.8089707493782043,
    0.7953787446022034,
    0.8044108152389526,
    0.7910158038139343,
    0.7983115911483765,
    0.8010571002960205,
    0.8101000785827637,
    0.7881295680999756,
    0.7808627486228943,
    0.8086673617362976,
    0.81829434633255
  ],
  "val_loss": [
    0.18765808641910553,
    0.16140618920326233,
    0.14975498616695404,
    0.14541170001029968,
    0.13514824211597443,
    0.13800176978111267,
    0.13671383261680603,
    0.1349385380744934,
    0.13890878856182098,
    0.1446513533592224,
    0.14706212282180786,
    0.14766469597816467,
    0.15768198668956757,
    0.17269586026668549,
    0.16089054942131042,
    0.16098405420780182,
    0.16821758449077606,
    0.16570565104484558,
    0.19055959582328796,
    0.16888032853603363,
    0.20933836698532104,
    0.21305610239505768,
    0.22549770772457123,
    0.24780486524105072,
    0.263113409280777
  ],
  "val_macro_f1": [
    0.3688715982620281,
    0.41573034782474694,
    0.425300887454394,
    0.42100644932445275,
    0.4384086739734266,
    0.431903900372967,
    0.4461405327427716,
    0.46168743036454746,
    0.46045107388938494,
    0.4849120983857176,
    0.48325806494656587,
    0.4855181506619198,
    0.4787883870120014,
    0.48878948923066723,
    0.48441300153936334,
    0.49350324443436816,
    0.5033117885914113,
    0.4911276411567382,
    0.5010614564940664,
    0.48722870213671715,
    0.4841621733782328,
    0.4798219721969277,
    0.4813864212794614,
    0.4693490220175553,
    0.48663449918370866
  ],
  "learning_rate": [
    0.0008549139020033181,
    0.0008549139020033181,
    0.0008549139020033181,
    0.0008549139020033181,
    0.0008549139020033181,
    0.0008549139020033181,
    0.0008549139020033181,
    0.0008549139020033181,
    0.0008549139020033181,
    0.0008549139020033181,
    0.0008549139020033181,
    0.0008549139020033181,
    0.0008549139020033181,
    0.0008549139020033181,
    0.0008549139020033181,
    0.0008549139020033181,
    0.0008549139020033181,
    0.0008549139020033181,
    0.0008549139020033181,
    0.0008549139020033181,
    0.00042745695100165904,
    0.00042745695100165904,
    0.00042745695100165904,
    0.00021372847550082952,
    0.00021372847550082952
  ]
}